auc_pr,auc_roc,f1_macro,precision_pos,recall_pos,f1_pos,kappa,accuracy,baseline_ap,threshold,label,arm,model,fold,n_test
0.3231414339958693,0.880916889322929,0.6507065291956775,0.34615384615384615,0.3115942028985507,0.32796610169491525,0.30148925148043304,0.9489124570176922,0.04000057981191546,0.18812,count,content,logreg,0,124179
0.30981759109320733,0.8750583869223346,0.6422929550126346,0.3325714285714286,0.2929333601771693,0.3114964675658317,0.2846981815290208,0.9482033854628034,0.04000057981191546,0.18898,count,content,logreg,1,124178
0.32456648987156134,0.8773300989810973,0.6518599097392764,0.34517543859649125,0.316891483793034,0.3304293061824289,0.30377050664454563,0.9486301921435359,0.04000057981191546,0.18797,count,content,logreg,2,124178
0.3307553743590616,0.8831113088792352,0.6530045509250744,0.3513574153017725,0.3152808536339843,0.33234295415959253,0.30608925754203753,0.9493307993364364,0.04000057981191546,0.1877,count,content,logreg,3,124178
0.3150324177940928,0.8765258537841817,0.6463250972027904,0.3374384236453202,0.30340245621099254,0.31951659069225063,0.2927289630790997,0.9483080738939265,0.04000057981191546,0.18885,count,content,logreg,4,124178
0.3297392542141384,0.8762772434878487,0.6580800621238638,0.34092258958622057,0.3466183574879227,0.3437468809262401,0.3161620970786385,0.9470522391064512,0.04000057981191546,-0.58839,count,content,linsvc,0,124179
0.31581264838118084,0.8716440866802035,0.6502093547743684,0.34754990925589835,0.308435675458023,0.32682666666666665,0.30051626837879863,0.9491777931678719,0.04000057981191546,-0.55985,count,content,linsvc,1,124178
0.33203420579039145,0.8732340698781828,0.6588202444257375,0.3607791057990261,0.32816589490638215,0.3437005798629415,0.31770119973130095,0.9498703474045322,0.04000057981191546,-0.56134,count,content,linsvc,2,124178
0.3387173523101296,0.8808752694257003,0.6605871471819367,0.3645833333333333,0.3311858264546004,0.34708302563561555,0.32123635332598843,0.9501602538291807,0.04000057981191546,-0.56268,count,content,linsvc,3,124178
0.3202728725352106,0.8722831046788159,0.6525428801981785,0.3294627041920882,0.3370243607811556,0.33320063694267515,0.30508953195016686,0.9460451931904202,0.04000057981191546,-0.58613,count,content,linsvc,4,124178
0.45018312814165784,0.9289319348995004,0.7126656310838972,0.45435727592630926,0.4418276972624799,0.4480048984590264,0.42533587616849455,0.9564419104679536,0.04000057981191546,0.2363,count,content,histgb,0,124179
0.4480601606278248,0.9298107043948853,0.7115252496916247,0.45056526207605346,0.4413126635796255,0.4458909682668836,0.42305305892527656,0.9561274944031954,0.04000057981191546,0.23612,count,content,histgb,1,124178
0.44737460913707605,0.9288594242261317,0.7128832466352494,0.4264096559178526,0.47654519830883835,0.45008556759840274,0.42584477143032573,0.9534217011064762,0.04000057981191546,0.21191,count,content,histgb,2,124178
0.4546848441944272,0.9300824858212223,0.715204296304251,0.42700600919052667,0.48641030803301794,0.4547764705882353,0.4305162447513474,0.9533492245003141,0.04000057981191546,0.21242,count,content,histgb,3,124178
0.4508436734510424,0.9304982200792842,0.7150777740563029,0.434080058758722,0.4759412119991947,0.4540478248343417,0.4302083121883311,0.9542189437742595,0.04000057981191546,0.2125,count,content,histgb,4,124178
0.4795368758308661,0.9316480328098202,0.722056951513395,0.4894467896023106,0.44343800322061194,0.465307846657514,0.4441674922466736,0.9592282108891197,0.04000057981191546,0.2881,count,content,xgb,0,124179
0.47388012136875796,0.9326093484160402,0.7230536358624704,0.488264970388243,0.44815784175558687,0.4673525089229477,0.44614779595373755,0.9591393000370436,0.04000057981191546,0.28807,count,content,xgb,1,124178
0.4831761724592647,0.9320661402205848,0.7237733247196086,0.491386925795053,0.44795651298570566,0.46866771985255395,0.44759358992013043,0.9593728357680105,0.04000057981191546,0.29001,count,content,xgb,2,124178
0.48372185364708553,0.9336736130859679,0.7226995142475723,0.4875,0.4475538554459432,0.466673664322452,0.44543940182801955,0.9590829293433619,0.04000057981191546,0.29044,count,content,xgb,3,124178
0.4756299035751899,0.9334965606026933,0.7193644128283696,0.4811155028546333,0.4411113348097443,0.46024577250288834,0.43877092348873814,0.9586158578814282,0.04000057981191546,0.2888,count,content,xgb,4,124178
0.4522145865571845,0.9288441276284215,0.7139076151168979,0.433271719038817,0.4718196457326892,0.4517248024667566,0.42786048792067843,0.9541790479871798,0.04000057981191546,0.2125,count,content,lgbm,0,124179
0.44444763536196596,0.9306421931771359,0.7113488142158985,0.4247146222141692,0.47191463660157035,0.4470722868586687,0.422768143011387,0.9533089597191129,0.04000057981191546,0.21364,count,content,lgbm,1,124178
0.4513661087507759,0.9290634551462491,0.7131599661878676,0.4254558455488023,0.47916247231729414,0.4507148944228766,0.42640972260936993,0.9532848008503921,0.04000057981191546,0.21262,count,content,lgbm,2,124178
0.45739990383582824,0.9309550439093757,0.7180568841067563,0.4565390749601276,0.4610428830279847,0.45877992587398575,0.43611433715169257,0.956489877434006,0.04000057981191546,0.23556,count,content,lgbm,3,124178
0.4519105160409305,0.9316317028607783,0.7151444743790834,0.4361208974596699,0.47352526676062007,0.4540540540540541,0.43033087756125277,0.9544524795052264,0.04000057981191546,0.21307,count,content,lgbm,4,124178
0.40045331543450796,0.9087108404358226,0.6738197889980174,0.524822695035461,0.2830112721417069,0.3677259055838891,0.3494912229618269,0.9610642701261888,0.04000057981191546,0.74063,count,content,mlp,0,124179
0.4180658422415402,0.9158052460818074,0.7083820473671512,0.38354763296317945,0.528488020938192,0.444500889001778,0.4174986509511722,0.947164554107813,0.04000057981191546,0.04244,count,content,mlp,1,124178
0.4203330532328444,0.9144438327057784,0.6733305249507006,0.5636515912897823,0.27098852426011677,0.36600951733514614,0.34910342940072725,0.9624490650517805,0.04000057981191546,0.8082,count,content,mlp,2,124178
0.43457544903149603,0.9157431304032524,0.7077347324334458,0.3735253772290809,0.5482182403865512,0.44431753283837805,0.4165574380566833,0.9451513150477541,0.04000057981191546,0.02296,count,content,mlp,3,124178
0.434241277730043,0.9165820602317157,0.6457364637392041,0.6724949562878278,0.20132876988121604,0.3098853424233034,0.2969266209195238,0.9641321329059898,0.04000057981191546,0.97875,count,content,mlp,4,124178
0.45552257406228974,0.8993368008990839,0.6951719107741399,0.3254797441364606,0.6145330112721417,0.42556453861165316,0.39385796612354296,0.9336280691582313,0.04000057981191546,-0.91775,count,content,svc,0,124179
0.4331696844282306,0.89175131012952,0.6683803689588345,0.27145538304043676,0.6406281457620294,0.3813290191143867,0.34449699519309374,0.9168532268195655,0.04000057981191546,-0.93908,count,content,svc,1,124178
0.4506933301807232,0.8999163544327846,0.6814814318216618,0.29561700526711815,0.6327763237366619,0.40297454965061863,0.36854426471618174,0.9250028185346841,0.04000057981191546,-0.93212,count,content,svc,2,124178
0.4605580978475675,0.9033735107776623,0.6785036626711171,0.28712696450644537,0.6547211596537145,0.39918983612594366,0.3638112062770569,0.9211696113643318,0.04000057981191546,-0.9379,count,content,svc,3,124178
0.4546018666429201,0.8987299947932774,0.6925087860880775,0.3232137048682641,0.600161063015905,0.4201550387596899,0.38835182623912734,0.9337402760553399,0.04000057981191546,-0.90535,count,content,svc,4,124178
0.3370651114628031,0.8884973476169422,0.6565144886690693,0.33843098311817277,0.34299516908212563,0.34069779066280115,0.3130302707375845,0.9468911812786381,0.04000057981191546,0.17691,count,combined,logreg,0,124179
0.32110912987303275,0.8834954744227406,0.6487285913844102,0.32472472472472474,0.3265552647473324,0.32563742220437664,0.2974574146934432,0.9459002399780959,0.04000057981191546,0.17795,count,combined,logreg,1,124178
0.3358440081324919,0.8851422677961702,0.6589429259969551,0.33867541996524425,0.3531306623716529,0.3457520205006899,0.31789853627495956,0.9465444764773148,0.04000057981191546,0.17737,count,combined,logreg,2,124178
0.34288757864777053,0.8906907533163697,0.6597122619502984,0.3432512315270936,0.35071471713307834,0.34694284007169884,0.31942784094982346,0.9471887129765337,0.04000057981191546,0.17758,count,combined,logreg,3,124178
0.3304557431556143,0.8847707449380826,0.6541307479144184,0.31656700668308124,0.36239178578618886,0.33793297662630245,0.3084026860078113,0.9432024996376169,0.04000057981191546,0.1602,count,combined,logreg,4,124178
0.34236809105298155,0.885228339800371,0.6623998993859361,0.34873617693522907,0.355475040257649,0.35207336523126,0.32480240141371497,0.9476562059607502,0.04000057981191546,-0.57698,count,combined,linsvc,0,124179
0.3273158471700663,0.881701819183972,0.6520627026135604,0.3504061371841155,0.3126635796255285,0.33046068730716033,0.304214076265766,0.9493227463801962,0.04000057981191546,-0.54872,count,combined,linsvc,1,124178
0.3439031580866794,0.8825639334614623,0.6645684633724551,0.3321864785824875,0.38876585464062813,0.35825602968460113,0.32932435365079327,0.9442896487300488,0.04000057981191546,-0.59924,count,combined,linsvc,2,124178
0.35132566204846116,0.8897178846560725,0.6661215119117907,0.3368200836820084,0.38896718341050934,0.36102027468933945,0.3323982344064347,0.9449258322730274,0.04000057981191546,-0.59974,count,combined,linsvc,3,124178
0.33507982401758735,0.8823841568729808,0.6581394782719482,0.32438162544169613,0.3696396215019126,0.3455349581255293,0.3164089046702241,0.9439916893491601,0.04000057981191546,-0.59881,count,combined,linsvc,4,124178
0.45064068760984693,0.928843352605107,0.7136317577518637,0.45510708401976935,0.44484702093397743,0.4499185667752443,0.42726658134682716,0.9564821749249068,0.04000057981191546,0.23598,count,combined,histgb,0,124179
0.44762822309012656,0.9300420354766081,0.7144793785423346,0.43135469774217045,0.4769478558486008,0.45300697963476433,0.42902200683976377,0.9539290373496111,0.04000057981191546,0.21332,count,combined,histgb,1,124178
0.4467365008019069,0.9288436977117569,0.7147932828377315,0.4299099099099099,0.48037044493658143,0.4537415612817343,0.4296640641050258,0.9537357663998454,0.04000057981191546,0.21248,count,combined,histgb,2,124178
0.45262176433713763,0.9298861686956075,0.7143898260003625,0.4256410256410256,0.484598349104087,0.45321031820749386,0.42888670566854936,0.9532284301567105,0.04000057981191546,0.21171,count,combined,histgb,3,124178
0.4499638519447868,0.9305535381611513,0.7157480669717099,0.4346632503660322,0.47815582846788807,0.4553734061930783,0.4315527105576561,0.9542511555992205,0.04000057981191546,0.21205,count,combined,histgb,4,124178
0.46871417078062433,0.9306128456504361,0.7142332558647072,0.4765010119181471,0.42652979066022545,0.4501327668613914,0.4285354642416571,0.9583101812705852,0.04000057981191546,0.28864,count,combined,xgb,0,124179
0.4759735559369184,0.9336350812680212,0.7191411009049786,0.48376334519572955,0.43789007449164485,0.4596850892951495,0.4383373187525508,0.9588252347436744,0.04000057981191546,0.28973,count,combined,xgb,1,124178
0.48366449202598605,0.9326051288395619,0.7270918011096116,0.4965971459934138,0.45540567747131067,0.4751102709514808,0.45422433877124324,0.9597513247113015,0.04000057981191546,0.29069,count,combined,xgb,2,124178
0.4825123030772279,0.9332057222618152,0.7218426583337021,0.4788072417465389,0.4525870746929736,0.46532808942247983,0.4437031624609161,0.958398428062942,0.04000057981191546,0.29115,count,combined,xgb,3,124178
0.47414982883960527,0.9320400197164418,0.7205585324151731,0.4872881355932203,0.439903362190457,0.46238493281134274,0.4411748035618891,0.9590829293433619,0.04000057981191546,0.291,count,combined,xgb,4,124178
0.4515723425298896,0.9286405109367036,0.7141530339919488,0.45725522666114676,0.4446457326892109,0.45086233289111133,0.4283106580999574,0.9566673914268918,0.04000057981191546,0.23558,count,combined,lgbm,0,124179
0.44494718832289615,0.9307695353847054,0.7120075877282444,0.426880349663085,0.47191463660157035,0.44826926754637597,0.4240787358034698,0.9535344424938395,0.04000057981191546,0.21348,count,combined,lgbm,1,124178
0.45159984460821395,0.9293643429527398,0.7137432866789312,0.4289335506065544,0.4769478558486008,0.4516682554814109,0.42755749415358335,0.9536793957061638,0.04000057981191546,0.21323,count,combined,lgbm,2,124178
0.4555029255604308,0.9311845544173766,0.7163945812392511,0.4305555555555556,0.48681296557278037,0.4569592743078522,0.4328840895081807,0.9537196604873649,0.04000057981191546,0.21187,count,combined,lgbm,3,124178
0.4500518325998248,0.9305584881626152,0.7156593919750347,0.4349660612731609,0.4773505133883632,0.4551737377615665,0.43137252057759634,0.9542914203804217,0.04000057981191546,0.21107,count,combined,lgbm,4,124178
0.41769646892552037,0.914969233060297,0.6262725375255767,0.6586501163692785,0.1708937198067633,0.2713760588141282,0.25916447522432795,0.9632868681500093,0.04000057981191546,0.93594,count,combined,mlp,0,124179
0.4268803346708311,0.9153277871125528,0.705776964789908,0.3757843696520251,0.5305013086370042,0.439936555639035,0.4124217433950097,0.9459727165842581,0.04000057981191546,0.02998,count,combined,mlp,1,124178
0.4412464630370208,0.915107940169334,0.7060201787573066,0.37454186636594305,0.534930541574391,0.44059364895116493,0.41297222847450343,0.9456667042471292,0.04000057981191546,0.03249,count,combined,mlp,2,124178
0.4299924321406376,0.9143229157048174,0.7010707114242687,0.358210930263332,0.5449969800684518,0.4322900031938678,0.40349619715588547,0.9427434811319235,0.04000057981191546,0.01384,count,combined,mlp,3,124178
0.42238605021522135,0.9151609707121419,0.6539980502981897,0.6171045276690889,0.2222669619488625,0.3268206039076377,0.31225160262559604,0.9633751550194076,0.04000057981191546,0.94348,count,combined,mlp,4,124178
0.44988593546328354,0.8996038639710958,0.6706355988668582,0.2718090738779832,0.6716988727858293,0.3870107277471731,0.34998389188880663,0.9148728851093986,0.04000057981191546,-0.94848,count,combined,svc,0,124179
0.44708918598718234,0.8978219236956447,0.7040029911670266,0.3705989619862533,0.5319106100261728,0.43683862433862436,0.4089726717506965,0.9451432620915138,0.04000057981191546,-0.87114,count,combined,svc,1,124178
0.4618700021247445,0.9037684950551759,0.6753587931006161,0.2798184416239388,0.6702234749345681,0.3948055028462998,0.35860788599306115,0.9178115286121535,0.04000057981191546,-0.94507,count,combined,svc,2,124178
0.45497865995169046,0.9003556793068306,0.6735932759644062,0.27783884332459624,0.6615663378296759,0.391330236989401,0.354991894396675,0.9176826813123098,0.04000057981191546,-0.93849,count,combined,svc,3,124178
0.4419372809386336,0.8936065879044255,0.6738304021034005,0.2801957699702849,0.6454600362391786,0.39076116765189833,0.3547684255404856,0.9194945964663628,0.04000057981191546,-0.93768,count,combined,svc,4,124178
0.4828021826508558,0.8351589304613809,0.7011859402694265,0.4427059364933272,0.5419718309859155,0.48733535967578523,0.40337675301562526,0.8542311847317249,0.12781435012460207,0.23919,rate,content,logreg,0,13885
0.4945490199936692,0.846818668034561,0.7038669137857171,0.4746494066882416,0.496054114994363,0.48511576626240355,0.4077771049177543,0.8654566407375396,0.12781435012460207,0.26711,rate,content,logreg,1,13884
0.5016064796823279,0.8467424687452579,0.702876979057003,0.47255113024757806,0.49492671927846676,0.4834801762114537,0.4058017857348174,0.8648804379141458,0.12781435012460207,0.26971,rate,content,logreg,2,13884
0.4671162453865186,0.8393866975907804,0.6944915969284468,0.4425343811394892,0.5076056338028169,0.4728417738126476,0.3894387468171656,0.8553010659752233,0.12781435012460207,0.25234,rate,content,logreg,3,13884
0.4669269015309633,0.8336680783354018,0.6918384075018421,0.4383292383292383,0.5025352112676056,0.46824146981627296,0.38413291299014163,0.8540766349755113,0.12781435012460207,0.25102,rate,content,logreg,4,13884
0.4858064833182715,0.8359729707726125,0.7012682989494634,0.44706994328922495,0.5329577464788733,0.48625032125417633,0.4032833896613621,0.8560316888728844,0.12781435012460207,-0.4227,rate,content,linsvc,0,13885
0.4957971430671946,0.8477593591998189,0.7052235112233811,0.45972495088408644,0.5276211950394588,0.49133858267716535,0.4108900425254354,0.8604148660328436,0.12781435012460207,-0.41362,rate,content,linsvc,1,13884
0.506450323054547,0.8482831187619687,0.7056874190279994,0.4571290944123314,0.5349492671927847,0.492987012987013,0.4119572592735701,0.8594065110919044,0.12781435012460207,-0.4213,rate,content,linsvc,2,13884
0.4716325656753388,0.8391441123410709,0.6969323248407643,0.4500752634219769,0.5053521126760563,0.47611464968152867,0.39418301979572756,0.8578219533275713,0.12781435012460207,-0.40127,rate,content,linsvc,3,13884
0.4711655214281816,0.8336652402647778,0.6929730322279423,0.44642857142857145,0.49295774647887325,0.4685408299866131,0.38618010215876875,0.8570296744454048,0.12781435012460207,-0.4009,rate,content,linsvc,4,13884
0.4202680303022751,0.8056436654609739,0.6757722610202622,0.4392361111111111,0.4276056338028169,0.43334284898658293,0.35156137236880913,0.8570399711919338,0.12781435012460207,0.2753,rate,content,histgb,0,13885
0.43464261312250424,0.8143989658867372,0.6770022494451542,0.4448377581120944,0.4250281848928974,0.43470740847506484,0.3540523243134903,0.8587582829155863,0.12781435012460207,0.2685,rate,content,histgb,1,13884
0.4433038352174458,0.8124531143957543,0.6780020570025936,0.45476923076923076,0.4165727170236753,0.4348337746395999,0.3561766780726485,0.8616392970325555,0.12781435012460207,0.28892,rate,content,histgb,2,13884
0.41143517609841923,0.8054892938438294,0.663321889815269,0.44,0.3780281690140845,0.4066666666666667,0.32716458619251565,0.8589743589743589,0.12781435012460207,0.2977,rate,content,histgb,3,13884
0.4162970609750585,0.8040052620620909,0.6627451842793788,0.44625850340136053,0.3695774647887324,0.40431432973805853,0.3262779439629593,0.8607749927974647,0.12781435012460207,0.29796,rate,content,histgb,4,13884
0.40220624680039174,0.7992972400879265,0.6539652370304088,0.4945750452079566,0.30816901408450703,0.3797292606733773,0.3122233560818247,0.8712999639899172,0.12781435012460207,0.37421,rate,content,xgb,0,13885
0.41901376573581584,0.8068378272449931,0.6514128054367717,0.4844167408726625,0.30665163472378804,0.3755609250949258,0.30690236623100065,0.8697061365600691,0.12781435012460207,0.37103,rate,content,xgb,1,13884
0.41708352326812537,0.8044078053766816,0.6566458888211284,0.47956630525437866,0.3241262683201804,0.3868146653212243,0.31635801235337524,0.8686977816191299,0.12781435012460207,0.36605,rate,content,xgb,2,13884
0.40261346409668336,0.7984293372756149,0.6446675523173839,0.472875226039783,0.29464788732394365,0.3630683790350573,0.2937436851158124,0.8678334773840392,0.12781435012460207,0.36689,rate,content,xgb,3,13884
0.39942813726029347,0.7973086250594656,0.6428327164467332,0.46174142480211083,0.29577464788732394,0.3605769230769231,0.2896601399060248,0.865888792855085,0.12781435012460207,0.37026,rate,content,xgb,4,13884
0.4264895620437436,0.8091110361591515,0.6787208085255234,0.43968432919954903,0.4394366197183099,0.43956043956043955,0.35744162452610406,0.8567518905293482,0.12781435012460207,0.27247,rate,content,lgbm,0,13885
0.4378657519246291,0.8168368311150046,0.6759976861815089,0.45157310302282544,0.41262683201803835,0.43122238586156114,0.35217864150939027,0.8609190435033132,0.12781435012460207,0.28787,rate,content,lgbm,1,13884
0.43650772999706233,0.814722801229243,0.6788261987787488,0.4518652226233454,0.423337091319053,0.4371362048894063,0.3577487604956755,0.8607029674445404,0.12781435012460207,0.28024,rate,content,lgbm,2,13884
0.4142876109406083,0.8048424463703518,0.6617318007662836,0.4258343634116193,0.38816901408450705,0.4061302681992337,0.32366517463085265,0.8548689138576779,0.12781435012460207,0.28077,rate,content,lgbm,3,13884
0.4162633241284279,0.8057019630376197,0.666871182224101,0.44430051813471505,0.38647887323943664,0.41337752335040673,0.33418020129953363,0.8597666378565255,0.12781435012460207,0.29007,rate,content,lgbm,4,13884
0.40634671039690895,0.7966449797048185,0.6127264829687346,0.5714285714285714,0.19605633802816902,0.29194630872483224,0.24247048066428156,0.8784299603889089,0.12781435012460207,0.99076,rate,content,mlp,0,13885
0.4189702358830624,0.7980262429049012,0.6606861970494423,0.3510344827586207,0.5738444193912063,0.43560119811724435,0.32925099226043464,0.809997118985883,0.12781435012460207,0.00967,rate,content,mlp,1,13884
0.4429493302399937,0.7990073611213259,0.627036132026713,0.6223316912972086,0.213641488162345,0.3180864456567352,0.27044084949186487,0.8829588014981273,0.12781435012460207,0.99233,rate,content,mlp,2,13884
0.40615714526204433,0.7878436827921032,0.6012503625113702,0.6075697211155379,0.17183098591549295,0.2678963548528766,0.22416170573597916,0.8799337366753097,0.12781435012460207,0.9919,rate,content,mlp,3,13884
0.40909061077259107,0.7934686224540238,0.6118900674018515,0.6003552397868561,0.19042253521126762,0.2891360136869119,0.24249555398960454,0.8802938634399309,0.12781435012460207,0.98704,rate,content,mlp,4,13884
0.4740455539835088,0.8160401018829742,0.6846322326275378,0.3790720631786772,0.6490140845070422,0.4786040714582468,0.3782533395511538,0.8192293842275837,0.12781435012460207,-0.86017,rate,content,svc,0,13885
0.488199303585264,0.8145145914424056,0.6930240434420762,0.40291806958473625,0.6071025930101466,0.4843714863953227,0.39079562107823396,0.8348458657447422,0.12781435012460207,-0.83362,rate,content,svc,1,13884
0.5039404284745728,0.8201916945102066,0.6892259163487658,0.38850889192886456,0.6403607666290868,0.4836100468284376,0.3859446065351775,0.8252664938058196,0.12781435012460207,-0.85374,rate,content,svc,2,13884
0.47212819323741545,0.8058625699194756,0.6863714381514832,0.3942127019917324,0.5909859154929578,0.47294860234445446,0.3774644642717623,0.8316047248631518,0.12781435012460207,-0.82084,rate,content,svc,3,13884
0.49095545953771663,0.8072167018129921,0.6998093708490306,0.4328815041539134,0.5577464788732395,0.4874446085672083,0.4012487437848966,0.8500432152117545,0.12781435012460207,-0.77505,rate,content,svc,4,13884
0.4836288177288808,0.8349146439329619,0.699300931513811,0.4443391757460919,0.5284507042253521,0.4827586206896552,0.39933250199190495,0.8552394670507742,0.12781435012460207,0.24701,rate,combined,logreg,0,13885
0.49549154174024723,0.8475082320368438,0.704242208287663,0.4742489270386266,0.4983089064261556,0.48598130841121495,0.4085389912457753,0.8653125900316911,0.12781435012460207,0.26956,rate,combined,logreg,1,13884
0.5032978820075781,0.8471136900844104,0.7042799233206548,0.44925512104283055,0.5439684329199549,0.49209586945436,0.4094430929452769,0.8565254969749352,0.12781435012460207,0.24071,rate,combined,logreg,2,13884
0.46992080521329427,0.839733640093098,0.6928573007078658,0.45846994535519126,0.47267605633802817,0.4654646324549237,0.38573593306167886,0.86120714491501,0.12781435012460207,0.27713,rate,combined,logreg,3,13884
0.46909371911448633,0.8343962062905138,0.6923886840861577,0.4514255543822598,0.48169014084507045,0.4660670482420278,0.38487588489198743,0.8589023336214348,0.12781435012460207,0.26919,rate,combined,logreg,4,13884
0.4865076226557347,0.8359776229632129,0.7026650286018482,0.4553921568627451,0.5233802816901408,0.4870249017038008,0.40578666510676153,0.8590565358300324,0.12781435012460207,-0.40878,rate,combined,linsvc,0,13885
0.49706505056915956,0.8484226700566118,0.7046403332316369,0.46534148827726807,0.5146561443066516,0.48875802997858675,0.4095131162600796,0.862431575914722,0.12781435012460207,-0.40033,rate,combined,linsvc,1,13884
0.5077106629576578,0.8485168369242112,0.7052961989937653,0.45069767441860464,0.5462232243517474,0.4938837920489297,0.4114816555814087,0.8569576490924805,0.12781435012460207,-0.42996,rate,combined,linsvc,2,13884
0.4738963335969889,0.8392985312984521,0.6961490766407604,0.4550182007280291,0.49295774647887325,0.4732287723093564,0.3924476611778558,0.8596946125036012,0.12781435012460207,-0.38768,rate,combined,linsvc,3,13884
0.47260923815654143,0.8341569243689073,0.6932415976919414,0.44019607843137254,0.5059154929577465,0.47077326343381387,0.3869543138549071,0.8545808124459809,0.12781435012460207,-0.41007,rate,combined,linsvc,4,13884
0.4209173341616695,0.8082647096451541,0.6751484865402027,0.4569240587109126,0.40338028169014084,0.42848593656493117,0.3506410987830313,0.8624414836154123,0.12781435012460207,0.29168,rate,combined,histgb,0,13885
0.4327226368407336,0.8152738845438796,0.671708163588158,0.4419315403422983,0.40755355129650506,0.4240469208211144,0.3435668327848167,0.8585422068568136,0.12781435012460207,0.27819,rate,combined,histgb,1,13884
0.4465771383259167,0.8136421398361693,0.675716632960828,0.46556291390728477,0.39627959413754227,0.428136419001218,0.3519949611278771,0.8647363872082974,0.12781435012460207,0.297,rate,combined,histgb,2,13884
0.4115022637411394,0.8035570330065288,0.6623573389286745,0.4174473067915691,0.40169014084507043,0.4094171691070916,0.32475051408488065,0.8518438490348603,0.12781435012460207,0.2745,rate,combined,histgb,3,13884
0.4185618645919765,0.805980140484496,0.6655429890681865,0.41457985531441294,0.4197183098591549,0.4171332586786114,0.3310897240538305,0.8500432152117545,0.12781435012460207,0.26476,rate,combined,histgb,4,13884
0.4062089145849826,0.7991573254556238,0.6510569213823053,0.479020979020979,0.3087323943661972,0.3754710517300445,0.30592351912022,0.8687072380266475,0.12781435012460207,0.36567,rate,combined,xgb,0,13885
0.417857439248617,0.801560153683307,0.6556676147320907,0.49119718309859156,0.314543404735062,0.3835051546391753,0.3151887093535253,0.8707865168539326,0.12781435012460207,0.36768,rate,combined,xgb,1,13884
0.4301592586844065,0.8084804642151939,0.6583579327650799,0.49434290687554394,0.3201803833145434,0.38864180636332535,0.32037150868288966,0.8712906943244022,0.12781435012460207,0.37039,rate,combined,xgb,2,13884
0.41641811496549597,0.8016151413394065,0.6535455004401216,0.48225108225108226,0.31380281690140843,0.3802047781569966,0.31073172211929667,0.8692019590895995,0.12781435012460207,0.36469,rate,combined,xgb,3,13884
0.40202896539544297,0.7971954977033728,0.648928821089825,0.48071748878923765,0.3019718309859155,0.37093425605536334,0.3020860459026874,0.8690579083837511,0.12781435012460207,0.3685,rate,combined,xgb,4,13884
0.41901633987949694,0.8072202463334923,0.6777815907387604,0.4479476502082094,0.42422535211267604,0.4357638888888889,0.3556309394247984,0.8595606769895571,0.12781435012460207,0.28095,rate,combined,lgbm,0,13885
0.44218321347230993,0.8179130238875694,0.6769881405568016,0.45242480049109884,0.415445321307779,0.43314722303849545,0.3541400555036275,0.8610630942091616,0.12781435012460207,0.27953,rate,combined,lgbm,1,13884
0.4403635070468907,0.8144415108778326,0.678016326824181,0.43439911797133407,0.44419391206313413,0.43924191750278707,0.3560445295635841,0.8550849899164505,0.12781435012460207,0.26523,rate,combined,lgbm,2,13884
0.4151721494896807,0.8048833425027828,0.6647077715773617,0.43552465233881166,0.38816901408450705,0.4104855525767054,0.3297202160551952,0.8574618265629501,0.12781435012460207,0.28988,rate,combined,lgbm,3,13884
0.4189048818531027,0.8094271866229169,0.6662566956773034,0.43532338308457713,0.39436619718309857,0.4138338752586462,0.33273897309557754,0.8571737251512532,0.12781435012460207,0.28223,rate,combined,lgbm,4,13884
0.40871598883597654,0.7926871285516568,0.6032247657090183,0.5961904761904762,0.1763380281690141,0.27217391304347827,0.2270656014365643,0.8794382427079582,0.12781435012460207,0.98963,rate,combined,mlp,0,13885
0.4247229778884266,0.8054638195347609,0.6628340849047855,0.3545359749739312,0.5749718151071026,0.4386153515373038,0.33321318667347666,0.8119418035148372,0.12781435012460207,0.0091,rate,combined,mlp,1,13884
0.4180724801124986,0.7960177143564673,0.64159697948243,0.5090137857900318,0.2705749718151071,0.3533308796466691,0.2903935018999878,0.873451454912129,0.12781435012460207,0.85553,rate,combined,mlp,2,13884
0.41586225491779516,0.7976800401051948,0.6696417772327059,0.4111516414799375,0.4445070422535211,0.4271792095289659,0.33943758034561666,0.8475943532123308,0.12781435012460207,0.1106,rate,combined,mlp,3,13884
0.4222452730831804,0.805988840799359,0.6585496602017135,0.34353851111827266,0.6005633802816901,0.43706437064370646,0.32771774794023156,0.8022183808700662,0.12781435012460207,0.00692,rate,combined,mlp,4,13884
0.4848123644711176,0.8174876309882416,0.6977174605043515,0.40686632578524473,0.6276056338028169,0.49368491025925104,0.4007298023038127,0.8354339214980194,0.12781435012460207,-0.81914,rate,combined,svc,0,13885
0.49697669774005127,0.8231585326912174,0.6931565646105804,0.39527613754775964,0.6414881623449831,0.48914678701912745,0.3932019013171394,0.8287957360991068,0.12781435012460207,-0.84243,rate,combined,svc,1,13884
0.5023899378273639,0.8167777615376524,0.6858204313196407,0.38393162393162394,0.6330326944757609,0.47797403702915514,0.3792274927065622,0.8233218092768655,0.12781435012460207,-0.84297,rate,combined,svc,2,13884
0.46933013270989155,0.8022751555995483,0.6837270211029557,0.39372822299651566,0.5729577464788732,0.4667278568150528,0.37147616967797503,0.832613079804091,0.12781435012460207,-0.81946,rate,combined,svc,3,13884
0.48289663361968244,0.8084089706294584,0.6780788532325125,0.37874954824719914,0.5904225352112676,0.4614707177454866,0.362108143317483,0.8238259867473351,0.12781435012460207,-0.83205,rate,combined,svc,4,13884
